{"cameraMode":{"drawMode":0,"name":"Shaded","section":"Shading Mode"},"sceneLighting":false,"audioPlay":false,"sceneViewState":{"m_AlwaysRefresh":false,"showFog":true,"showSkybox":false,"showFlares":true,"showImageEffects":true,"showParticleSystems":true,"showVisualEffectGraphs":true,"m_FxEnabled":true},"in2DMode":false,"pivot":{"x":-0.017995350062847139,"y":-0.06983055174350739,"z":-0.00910632498562336},"rotation":{"x":-0.08901655673980713,"y":0.8492836356163025,"z":0.15190918743610383,"w":0.4977252185344696},"size":0.16253939270973206,"orthographic":false}